District,KDG_District,Original Groundnut Production Value,Perturbation,Factor,New Groundnut Production Values,Percentage Change,Change
BENGALURU,Bengaluru Urban,71.0,10,TotalNPK,75,5.633802816901409,4.0
BENGALURU(R),Bengaluru Rural,206.0,10,TotalNPK,212,2.912621359223301,6.0
RAMANAGARA,Ramanagara,4830.0,10,TotalNPK,4873,0.8902691511387164,43.0
CHITRADURGA,Chitradurga,68575.0,10,TotalNPK,69745,1.7061611374407581,1170.0
DAVANAGERE,Davanagere,16592.0,10,TotalNPK,16897,1.8382352941176472,305.0
KOLAR,Kolar,5810.0,10,TotalNPK,6120,5.335628227194492,310.0
CHIKKABALLAPURA,Chikkaballapura,7132.0,10,TotalNPK,7367,3.295008412787437,235.0
SHIVAMOGGA,Shivamogga,248.0,10,TotalNPK,252,1.6129032258064515,4.0
TUMAKURU,Tumakuru,39626.0,10,TotalNPK,40318,1.7463281683742997,692.0
CHIKKAMAGALURU,Chikkamagaluru,3909.0,10,TotalNPK,4130,5.653619851624456,221.0
DAKSHINA KANNADA,Dakshina Kannada,0.0,10,TotalNPK,0,,0.0
UDUPI,Udupi,3623.0,10,TotalNPK,3655,0.883245928788297,32.0
HASSAN,Hassan,521.0,10,TotalNPK,532,2.111324376199616,11.0
KODAGU,Kodagu,45.0,10,TotalNPK,48,6.666666666666667,3.0
MANDYA,Mandya,1021.0,10,TotalNPK,1053,3.1341821743388834,32.0
MYSURU,Mysuru,2170.0,10,TotalNPK,2216,2.1198156682027647,46.0
CHAMARAJANAGAR,Chamarajanagara,8867.0,10,TotalNPK,9053,2.0976655012969436,186.0
BELAGAVI,Belagavi,39530.0,10,TotalNPK,40938,3.561851758158361,1408.0
VIJAYAPURA,Vijayapura,27528.0,10,TotalNPK,28067,1.9580063934902643,539.0
BAGALKOT,Bagalkote,25444.0,10,TotalNPK,26431,3.879107058638579,987.0
DHARAWAD,Dharwad,21178.0,10,TotalNPK,21819,3.026725847577675,641.0
GADAG,Gadag,31332.0,10,TotalNPK,31870,1.7170943444401887,538.0
HAVERI,Haveri,18309.0,10,TotalNPK,18718,2.233874051013163,409.0
UTTARA KANNADA,Uttara Kannada,3825.0,10,TotalNPK,3894,1.803921568627451,69.0
BALLARI,Ballari,22938.5,10,TotalNPK,23727,3.4374523181550667,788.5
BIDAR,Bidar,261.0,10,TotalNPK,270,3.4482758620689653,9.0
KALABURAGI,Kalaburagi,3114.0,10,TotalNPK,3178,2.0552344251766215,64.0
YADGIRI,Yadgir,31435.0,10,TotalNPK,33280,5.869254016223954,1845.0
RAICHUR,Raichur,26958.0,10,TotalNPK,27934,3.620446620669189,976.0
KOPPAL,Koppal,29982.0,10,TotalNPK,30719,2.4581415515976253,737.0
VIJAYANAGARA,Vijayanagara,22938.5,10,TotalNPK,23727,3.4374523181550667,788.5
BENGALURU,Bengaluru Urban,71.0,10,AreaUnderOilSeeds_GroundNut,73,2.8169014084507045,2.0
BENGALURU(R),Bengaluru Rural,206.0,10,AreaUnderOilSeeds_GroundNut,210,1.9417475728155338,4.0
RAMANAGARA,Ramanagara,4830.0,10,AreaUnderOilSeeds_GroundNut,4922,1.9047619047619049,92.0
CHITRADURGA,Chitradurga,68575.0,10,AreaUnderOilSeeds_GroundNut,71281,3.9460444768501644,2706.0
DAVANAGERE,Davanagere,16592.0,10,AreaUnderOilSeeds_GroundNut,17019,2.5735294117647056,427.0
KOLAR,Kolar,5810.0,10,AreaUnderOilSeeds_GroundNut,6050,4.130808950086059,240.0
CHIKKABALLAPURA,Chikkaballapura,7132.0,10,AreaUnderOilSeeds_GroundNut,7678,7.655636567582726,546.0
SHIVAMOGGA,Shivamogga,248.0,10,AreaUnderOilSeeds_GroundNut,260,4.838709677419355,12.0
TUMAKURU,Tumakuru,39626.0,10,AreaUnderOilSeeds_GroundNut,41438,4.572755261696866,1812.0
CHIKKAMAGALURU,Chikkamagaluru,3909.0,10,AreaUnderOilSeeds_GroundNut,4072,4.169864415451522,163.0
DAKSHINA KANNADA,Dakshina Kannada,0.0,10,AreaUnderOilSeeds_GroundNut,0,,0.0
UDUPI,Udupi,3623.0,10,AreaUnderOilSeeds_GroundNut,3673,1.3800717637317141,50.0
HASSAN,Hassan,521.0,10,AreaUnderOilSeeds_GroundNut,545,4.606525911708253,24.0
KODAGU,Kodagu,45.0,10,AreaUnderOilSeeds_GroundNut,46,2.2222222222222223,1.0
MANDYA,Mandya,1021.0,10,AreaUnderOilSeeds_GroundNut,1059,3.721841332027424,38.0
MYSURU,Mysuru,2170.0,10,AreaUnderOilSeeds_GroundNut,2236,3.0414746543778803,66.0
CHAMARAJANAGAR,Chamarajanagara,8867.0,10,AreaUnderOilSeeds_GroundNut,9207,3.8344423141987147,340.0
BELAGAVI,Belagavi,39530.0,10,AreaUnderOilSeeds_GroundNut,40577,2.6486213002782697,1047.0
VIJAYAPURA,Vijayapura,27528.0,10,AreaUnderOilSeeds_GroundNut,28221,2.51743679163034,693.0
BAGALKOT,Bagalkote,25444.0,10,AreaUnderOilSeeds_GroundNut,26180,2.892626945448829,736.0
DHARAWAD,Dharwad,21178.0,10,AreaUnderOilSeeds_GroundNut,22189,4.773821890641231,1011.0
GADAG,Gadag,31332.0,10,AreaUnderOilSeeds_GroundNut,32484,3.6767522022213712,1152.0
HAVERI,Haveri,18309.0,10,AreaUnderOilSeeds_GroundNut,18806,2.7145119886394666,497.0
UTTARA KANNADA,Uttara Kannada,3825.0,10,AreaUnderOilSeeds_GroundNut,3879,1.411764705882353,54.0
BALLARI,Ballari,22938.5,10,AreaUnderOilSeeds_GroundNut,24331,6.070580029208536,1392.5
BIDAR,Bidar,261.0,10,AreaUnderOilSeeds_GroundNut,269,3.065134099616858,8.0
KALABURAGI,Kalaburagi,3114.0,10,AreaUnderOilSeeds_GroundNut,3220,3.4039820166987798,106.0
YADGIRI,Yadgir,31435.0,10,AreaUnderOilSeeds_GroundNut,32521,3.4547478924765387,1086.0
RAICHUR,Raichur,26958.0,10,AreaUnderOilSeeds_GroundNut,27964,3.7317308405668075,1006.0
KOPPAL,Koppal,29982.0,10,AreaUnderOilSeeds_GroundNut,30605,2.077913414715496,623.0
VIJAYANAGARA,Vijayanagara,22938.5,10,AreaUnderOilSeeds_GroundNut,24331,6.070580029208536,1392.5
BENGALURU,Bengaluru Urban,71.0,10,LivestockCensus_2012_Sheep,71,0.0,0.0
BENGALURU(R),Bengaluru Rural,206.0,10,LivestockCensus_2012_Sheep,207,0.48543689320388345,1.0
RAMANAGARA,Ramanagara,4830.0,10,LivestockCensus_2012_Sheep,4859,0.6004140786749482,29.0
CHITRADURGA,Chitradurga,68575.0,10,LivestockCensus_2012_Sheep,69590,1.4801312431644185,1015.0
DAVANAGERE,Davanagere,16592.0,10,LivestockCensus_2012_Sheep,16626,0.20491803278688525,34.0
KOLAR,Kolar,5810.0,10,LivestockCensus_2012_Sheep,6016,3.545611015490534,206.0
CHIKKABALLAPURA,Chikkaballapura,7132.0,10,LivestockCensus_2012_Sheep,7251,1.6685361749859788,119.0
SHIVAMOGGA,Shivamogga,248.0,10,LivestockCensus_2012_Sheep,248,0.0,0.0
TUMAKURU,Tumakuru,39626.0,10,LivestockCensus_2012_Sheep,40264,1.6100540049462475,638.0
CHIKKAMAGALURU,Chikkamagaluru,3909.0,10,LivestockCensus_2012_Sheep,3918,0.23023791250959325,9.0
DAKSHINA KANNADA,Dakshina Kannada,0.0,10,LivestockCensus_2012_Sheep,0,,0.0
UDUPI,Udupi,3623.0,10,LivestockCensus_2012_Sheep,3623,0.0,0.0
HASSAN,Hassan,521.0,10,LivestockCensus_2012_Sheep,521,0.0,0.0
KODAGU,Kodagu,45.0,10,LivestockCensus_2012_Sheep,45,0.0,0.0
MANDYA,Mandya,1021.0,10,LivestockCensus_2012_Sheep,1027,0.5876591576885406,6.0
MYSURU,Mysuru,2170.0,10,LivestockCensus_2012_Sheep,2175,0.2304147465437788,5.0
CHAMARAJANAGAR,Chamarajanagara,8867.0,10,LivestockCensus_2012_Sheep,8900,0.37216645990752223,33.0
BELAGAVI,Belagavi,39530.0,10,LivestockCensus_2012_Sheep,39734,0.5160637490513534,204.0
VIJAYAPURA,Vijayapura,27528.0,10,LivestockCensus_2012_Sheep,27629,0.3668991572217379,101.0
BAGALKOT,Bagalkote,25444.0,10,LivestockCensus_2012_Sheep,25726,1.1083163024681655,282.0
DHARAWAD,Dharwad,21178.0,10,LivestockCensus_2012_Sheep,21220,0.19831901029370103,42.0
GADAG,Gadag,31332.0,10,LivestockCensus_2012_Sheep,31530,0.6319417847567982,198.0
HAVERI,Haveri,18309.0,10,LivestockCensus_2012_Sheep,18362,0.2894751215249331,53.0
UTTARA KANNADA,Uttara Kannada,3825.0,10,LivestockCensus_2012_Sheep,3825,0.0,0.0
BALLARI,Ballari,22938.5,10,LivestockCensus_2012_Sheep,23258,1.39285480741984,319.5
BIDAR,Bidar,261.0,10,LivestockCensus_2012_Sheep,262,0.38314176245210724,1.0
KALABURAGI,Kalaburagi,3114.0,10,LivestockCensus_2012_Sheep,3117,0.09633911368015415,3.0
YADGIRI,Yadgir,31435.0,10,LivestockCensus_2012_Sheep,31744,0.9829807539366948,309.0
RAICHUR,Raichur,26958.0,10,LivestockCensus_2012_Sheep,27136,0.6602863713925365,178.0
KOPPAL,Koppal,29982.0,10,LivestockCensus_2012_Sheep,30163,0.6036955506637316,181.0
VIJAYANAGARA,Vijayanagara,22938.5,10,LivestockCensus_2012_Sheep,23258,1.39285480741984,319.5
BENGALURU,Bengaluru Urban,71.0,10,MotorVehicles_Tractors,76,7.042253521126761,5.0
BENGALURU(R),Bengaluru Rural,206.0,10,MotorVehicles_Tractors,206,0.0,0.0
RAMANAGARA,Ramanagara,4830.0,10,MotorVehicles_Tractors,4960,2.691511387163561,130.0
CHITRADURGA,Chitradurga,68575.0,10,MotorVehicles_Tractors,69762,1.7309515129420343,1187.0
DAVANAGERE,Davanagere,16592.0,10,MotorVehicles_Tractors,16786,1.16923818707811,194.0
KOLAR,Kolar,5810.0,10,MotorVehicles_Tractors,6271,7.934595524956971,461.0
CHIKKABALLAPURA,Chikkaballapura,7132.0,10,MotorVehicles_Tractors,7317,2.593942793045429,185.0
SHIVAMOGGA,Shivamogga,248.0,10,MotorVehicles_Tractors,251,1.2096774193548387,3.0
TUMAKURU,Tumakuru,39626.0,10,MotorVehicles_Tractors,40569,2.3797506687528394,943.0
CHIKKAMAGALURU,Chikkamagaluru,3909.0,10,MotorVehicles_Tractors,4010,2.5837810181632133,101.0
DAKSHINA KANNADA,Dakshina Kannada,0.0,10,MotorVehicles_Tractors,0,,0.0
UDUPI,Udupi,3623.0,10,MotorVehicles_Tractors,3667,1.2144631520839084,44.0
HASSAN,Hassan,521.0,10,MotorVehicles_Tractors,528,1.3435700575815739,7.0
KODAGU,Kodagu,45.0,10,MotorVehicles_Tractors,46,2.2222222222222223,1.0
MANDYA,Mandya,1021.0,10,MotorVehicles_Tractors,1033,1.1753183153770812,12.0
MYSURU,Mysuru,2170.0,10,MotorVehicles_Tractors,2199,1.336405529953917,29.0
CHAMARAJANAGAR,Chamarajanagara,8867.0,10,MotorVehicles_Tractors,8923,0.6315552046915529,56.0
BELAGAVI,Belagavi,39530.0,10,MotorVehicles_Tractors,40241,1.79863394889957,711.0
VIJAYAPURA,Vijayapura,27528.0,10,MotorVehicles_Tractors,28011,1.7545771578029643,483.0
BAGALKOT,Bagalkote,25444.0,10,MotorVehicles_Tractors,25993,2.1576796101241946,549.0
DHARAWAD,Dharwad,21178.0,10,MotorVehicles_Tractors,21658,2.2665029747851544,480.0
GADAG,Gadag,31332.0,10,MotorVehicles_Tractors,32597,4.037405847057322,1265.0
HAVERI,Haveri,18309.0,10,MotorVehicles_Tractors,18502,1.0541263859304169,193.0
UTTARA KANNADA,Uttara Kannada,3825.0,10,MotorVehicles_Tractors,3866,1.0718954248366013,41.0
BALLARI,Ballari,22938.5,10,MotorVehicles_Tractors,23539,2.617869520674848,600.5
BIDAR,Bidar,261.0,10,MotorVehicles_Tractors,265,1.532567049808429,4.0
KALABURAGI,Kalaburagi,3114.0,10,MotorVehicles_Tractors,3152,1.220295439948619,38.0
YADGIRI,Yadgir,31435.0,10,MotorVehicles_Tractors,31826,1.2438364879910928,391.0
RAICHUR,Raichur,26958.0,10,MotorVehicles_Tractors,27375,1.5468506565768974,417.0
KOPPAL,Koppal,29982.0,10,MotorVehicles_Tractors,30302,1.067307050897205,320.0
VIJAYANAGARA,Vijayanagara,22938.5,10,MotorVehicles_Tractors,23539,2.617869520674848,600.5
BENGALURU,Bengaluru Urban,71.0,-10,TotalNPK,66,-7.042253521126761,-5.0
BENGALURU(R),Bengaluru Rural,206.0,-10,TotalNPK,199,-3.3980582524271843,-7.0
RAMANAGARA,Ramanagara,4830.0,-10,TotalNPK,4786,-0.9109730848861284,-44.0
CHITRADURGA,Chitradurga,68575.0,-10,TotalNPK,67404,-1.7076193948231864,-1171.0
DAVANAGERE,Davanagere,16592.0,-10,TotalNPK,16286,-1.8442622950819672,-306.0
KOLAR,Kolar,5810.0,-10,TotalNPK,5499,-5.352839931153184,-311.0
CHIKKABALLAPURA,Chikkaballapura,7132.0,-10,TotalNPK,6896,-3.3090297251822767,-236.0
SHIVAMOGGA,Shivamogga,248.0,-10,TotalNPK,243,-2.0161290322580645,-5.0
TUMAKURU,Tumakuru,39626.0,-10,TotalNPK,38933,-1.7488517639933376,-693.0
CHIKKAMAGALURU,Chikkamagaluru,3909.0,-10,TotalNPK,3687,-5.6792018419033,-222.0
DAKSHINA KANNADA,Dakshina Kannada,0.0,-10,TotalNPK,0,,0.0
UDUPI,Udupi,3623.0,-10,TotalNPK,3590,-0.9108473640629312,-33.0
HASSAN,Hassan,521.0,-10,TotalNPK,509,-2.3032629558541267,-12.0
KODAGU,Kodagu,45.0,-10,TotalNPK,41,-8.88888888888889,-4.0
MANDYA,Mandya,1021.0,-10,TotalNPK,988,-3.232125367286973,-33.0
MYSURU,Mysuru,2170.0,-10,TotalNPK,2123,-2.165898617511521,-47.0
CHAMARAJANAGAR,Chamarajanagara,8867.0,-10,TotalNPK,8680,-2.108943272809293,-187.0
BELAGAVI,Belagavi,39530.0,-10,TotalNPK,38121,-3.5643814824184163,-1409.0
VIJAYAPURA,Vijayapura,27528.0,-10,TotalNPK,26988,-1.9616390584132521,-540.0
BAGALKOT,Bagalkote,25444.0,-10,TotalNPK,24456,-3.8830372582927217,-988.0
DHARAWAD,Dharwad,21178.0,-10,TotalNPK,20536,-3.0314477287751442,-642.0
GADAG,Gadag,31332.0,-10,TotalNPK,30793,-1.7202859696157282,-539.0
HAVERI,Haveri,18309.0,-10,TotalNPK,17899,-2.2393358457589163,-410.0
UTTARA KANNADA,Uttara Kannada,3825.0,-10,TotalNPK,3755,-1.8300653594771243,-70.0
BALLARI,Ballari,22938.5,-10,TotalNPK,22149,-3.441811801120387,-789.5
BIDAR,Bidar,261.0,-10,TotalNPK,251,-3.8314176245210727,-10.0
KALABURAGI,Kalaburagi,3114.0,-10,TotalNPK,3049,-2.0873474630700066,-65.0
YADGIRI,Yadgir,31435.0,-10,TotalNPK,29589,-5.8724351837124225,-1846.0
RAICHUR,Raichur,26958.0,-10,TotalNPK,25981,-3.6241560946657767,-977.0
KOPPAL,Koppal,29982.0,-10,TotalNPK,29244,-2.461476886131679,-738.0
VIJAYANAGARA,Vijayanagara,22938.5,-10,TotalNPK,22149,-3.441811801120387,-789.5
BENGALURU,Bengaluru Urban,71.0,-10,AreaUnderOilSeeds_GroundNut,68,-4.225352112676056,-3.0
BENGALURU(R),Bengaluru Rural,206.0,-10,AreaUnderOilSeeds_GroundNut,201,-2.4271844660194173,-5.0
RAMANAGARA,Ramanagara,4830.0,-10,AreaUnderOilSeeds_GroundNut,4737,-1.9254658385093166,-93.0
CHITRADURGA,Chitradurga,68575.0,-10,AreaUnderOilSeeds_GroundNut,65868,-3.947502734232592,-2707.0
DAVANAGERE,Davanagere,16592.0,-10,AreaUnderOilSeeds_GroundNut,16164,-2.5795564127290262,-428.0
KOLAR,Kolar,5810.0,-10,AreaUnderOilSeeds_GroundNut,5569,-4.148020654044751,-241.0
CHIKKABALLAPURA,Chikkaballapura,7132.0,-10,AreaUnderOilSeeds_GroundNut,6585,-7.669657879977566,-547.0
SHIVAMOGGA,Shivamogga,248.0,-10,AreaUnderOilSeeds_GroundNut,235,-5.241935483870968,-13.0
TUMAKURU,Tumakuru,39626.0,-10,AreaUnderOilSeeds_GroundNut,37813,-4.575278857315904,-1813.0
CHIKKAMAGALURU,Chikkamagaluru,3909.0,-10,AreaUnderOilSeeds_GroundNut,3745,-4.195446405730366,-164.0
DAKSHINA KANNADA,Dakshina Kannada,0.0,-10,AreaUnderOilSeeds_GroundNut,0,,0.0
UDUPI,Udupi,3623.0,-10,AreaUnderOilSeeds_GroundNut,3572,-1.4076731990063482,-51.0
HASSAN,Hassan,521.0,-10,AreaUnderOilSeeds_GroundNut,496,-4.798464491362764,-25.0
KODAGU,Kodagu,45.0,-10,AreaUnderOilSeeds_GroundNut,43,-4.444444444444445,-2.0
MANDYA,Mandya,1021.0,-10,AreaUnderOilSeeds_GroundNut,982,-3.819784524975514,-39.0
MYSURU,Mysuru,2170.0,-10,AreaUnderOilSeeds_GroundNut,2103,-3.087557603686636,-67.0
CHAMARAJANAGAR,Chamarajanagara,8867.0,-10,AreaUnderOilSeeds_GroundNut,8526,-3.8457200857110636,-341.0
BELAGAVI,Belagavi,39530.0,-10,AreaUnderOilSeeds_GroundNut,38482,-2.651151024538325,-1048.0
VIJAYAPURA,Vijayapura,27528.0,-10,AreaUnderOilSeeds_GroundNut,26834,-2.5210694565533274,-694.0
BAGALKOT,Bagalkote,25444.0,-10,AreaUnderOilSeeds_GroundNut,24707,-2.8965571451029715,-737.0
DHARAWAD,Dharwad,21178.0,-10,AreaUnderOilSeeds_GroundNut,20166,-4.7785437718387005,-1012.0
GADAG,Gadag,31332.0,-10,AreaUnderOilSeeds_GroundNut,30179,-3.6799438273969107,-1153.0
HAVERI,Haveri,18309.0,-10,AreaUnderOilSeeds_GroundNut,17811,-2.7199737833852202,-498.0
UTTARA KANNADA,Uttara Kannada,3825.0,-10,AreaUnderOilSeeds_GroundNut,3770,-1.4379084967320261,-55.0
BALLARI,Ballari,22938.5,-10,AreaUnderOilSeeds_GroundNut,21545,-6.074939512173856,-1393.5
BIDAR,Bidar,261.0,-10,AreaUnderOilSeeds_GroundNut,252,-3.4482758620689653,-9.0
KALABURAGI,Kalaburagi,3114.0,-10,AreaUnderOilSeeds_GroundNut,3007,-3.4360950545921645,-107.0
YADGIRI,Yadgir,31435.0,-10,AreaUnderOilSeeds_GroundNut,30348,-3.457929059965007,-1087.0
RAICHUR,Raichur,26958.0,-10,AreaUnderOilSeeds_GroundNut,25951,-3.735440314563395,-1007.0
KOPPAL,Koppal,29982.0,-10,AreaUnderOilSeeds_GroundNut,29358,-2.0812487492495495,-624.0
VIJAYANAGARA,Vijayanagara,22938.5,-10,AreaUnderOilSeeds_GroundNut,21545,-6.074939512173856,-1393.5
BENGALURU,Bengaluru Urban,71.0,-10,LivestockCensus_2012_Sheep,70,-1.4084507042253522,-1.0
BENGALURU(R),Bengaluru Rural,206.0,-10,LivestockCensus_2012_Sheep,204,-0.9708737864077669,-2.0
RAMANAGARA,Ramanagara,4830.0,-10,LivestockCensus_2012_Sheep,4800,-0.6211180124223602,-30.0
CHITRADURGA,Chitradurga,68575.0,-10,LivestockCensus_2012_Sheep,67559,-1.4815895005468465,-1016.0
DAVANAGERE,Davanagere,16592.0,-10,LivestockCensus_2012_Sheep,16557,-0.2109450337512054,-35.0
KOLAR,Kolar,5810.0,-10,LivestockCensus_2012_Sheep,5603,-3.5628227194492252,-207.0
CHIKKABALLAPURA,Chikkaballapura,7132.0,-10,LivestockCensus_2012_Sheep,7012,-1.682557487380819,-120.0
SHIVAMOGGA,Shivamogga,248.0,-10,LivestockCensus_2012_Sheep,247,-0.4032258064516129,-1.0
TUMAKURU,Tumakuru,39626.0,-10,LivestockCensus_2012_Sheep,38987,-1.6125776005652854,-639.0
CHIKKAMAGALURU,Chikkamagaluru,3909.0,-10,LivestockCensus_2012_Sheep,3899,-0.25581990278843697,-10.0
DAKSHINA KANNADA,Dakshina Kannada,0.0,-10,LivestockCensus_2012_Sheep,0,,0.0
UDUPI,Udupi,3623.0,-10,LivestockCensus_2012_Sheep,3622,-0.02760143527463428,-1.0
HASSAN,Hassan,521.0,-10,LivestockCensus_2012_Sheep,520,-0.19193857965451055,-1.0
KODAGU,Kodagu,45.0,-10,LivestockCensus_2012_Sheep,44,-2.2222222222222223,-1.0
MANDYA,Mandya,1021.0,-10,LivestockCensus_2012_Sheep,1014,-0.6856023506366308,-7.0
MYSURU,Mysuru,2170.0,-10,LivestockCensus_2012_Sheep,2164,-0.2764976958525346,-6.0
CHAMARAJANAGAR,Chamarajanagara,8867.0,-10,LivestockCensus_2012_Sheep,8833,-0.38344423141987144,-34.0
BELAGAVI,Belagavi,39530.0,-10,LivestockCensus_2012_Sheep,39325,-0.518593473311409,-205.0
VIJAYAPURA,Vijayapura,27528.0,-10,LivestockCensus_2012_Sheep,27426,-0.37053182214472535,-102.0
BAGALKOT,Bagalkote,25444.0,-10,LivestockCensus_2012_Sheep,25161,-1.1122465021223078,-283.0
DHARAWAD,Dharwad,21178.0,-10,LivestockCensus_2012_Sheep,21135,-0.20304089149117008,-43.0
GADAG,Gadag,31332.0,-10,LivestockCensus_2012_Sheep,31133,-0.6351334099323375,-199.0
HAVERI,Haveri,18309.0,-10,LivestockCensus_2012_Sheep,18255,-0.2949369162706866,-54.0
UTTARA KANNADA,Uttara Kannada,3825.0,-10,LivestockCensus_2012_Sheep,3824,-0.026143790849673207,-1.0
BALLARI,Ballari,22938.5,-10,LivestockCensus_2012_Sheep,22618,-1.3972142903851603,-320.5
BIDAR,Bidar,261.0,-10,LivestockCensus_2012_Sheep,259,-0.7662835249042145,-2.0
KALABURAGI,Kalaburagi,3114.0,-10,LivestockCensus_2012_Sheep,3110,-0.12845215157353884,-4.0
YADGIRI,Yadgir,31435.0,-10,LivestockCensus_2012_Sheep,31125,-0.986161921425163,-310.0
RAICHUR,Raichur,26958.0,-10,LivestockCensus_2012_Sheep,26779,-0.6639958453891238,-179.0
KOPPAL,Koppal,29982.0,-10,LivestockCensus_2012_Sheep,29800,-0.6070308851977854,-182.0
VIJAYANAGARA,Vijayanagara,22938.5,-10,LivestockCensus_2012_Sheep,22618,-1.3972142903851603,-320.5
BENGALURU,Bengaluru Urban,71.0,-10,MotorVehicles_Tractors,65,-8.450704225352112,-6.0
BENGALURU(R),Bengaluru Rural,206.0,-10,MotorVehicles_Tractors,205,-0.48543689320388345,-1.0
RAMANAGARA,Ramanagara,4830.0,-10,MotorVehicles_Tractors,4699,-2.7122153209109734,-131.0
CHITRADURGA,Chitradurga,68575.0,-10,MotorVehicles_Tractors,67387,-1.7324097703244623,-1188.0
DAVANAGERE,Davanagere,16592.0,-10,MotorVehicles_Tractors,16397,-1.17526518804243,-195.0
KOLAR,Kolar,5810.0,-10,MotorVehicles_Tractors,5348,-7.951807228915662,-462.0
CHIKKABALLAPURA,Chikkaballapura,7132.0,-10,MotorVehicles_Tractors,6946,-2.607964105440269,-186.0
SHIVAMOGGA,Shivamogga,248.0,-10,MotorVehicles_Tractors,244,-1.6129032258064515,-4.0
TUMAKURU,Tumakuru,39626.0,-10,MotorVehicles_Tractors,38682,-2.382274264371877,-944.0
CHIKKAMAGALURU,Chikkamagaluru,3909.0,-10,MotorVehicles_Tractors,3807,-2.609363008442057,-102.0
DAKSHINA KANNADA,Dakshina Kannada,0.0,-10,MotorVehicles_Tractors,0,,0.0
UDUPI,Udupi,3623.0,-10,MotorVehicles_Tractors,3578,-1.2420645873585427,-45.0
HASSAN,Hassan,521.0,-10,MotorVehicles_Tractors,513,-1.5355086372360844,-8.0
KODAGU,Kodagu,45.0,-10,MotorVehicles_Tractors,43,-4.444444444444445,-2.0
MANDYA,Mandya,1021.0,-10,MotorVehicles_Tractors,1008,-1.2732615083251715,-13.0
MYSURU,Mysuru,2170.0,-10,MotorVehicles_Tractors,2140,-1.3824884792626728,-30.0
CHAMARAJANAGAR,Chamarajanagara,8867.0,-10,MotorVehicles_Tractors,8810,-0.6428329762039021,-57.0
BELAGAVI,Belagavi,39530.0,-10,MotorVehicles_Tractors,38818,-1.8011636731596257,-712.0
VIJAYAPURA,Vijayapura,27528.0,-10,MotorVehicles_Tractors,27044,-1.7582098227259517,-484.0
BAGALKOT,Bagalkote,25444.0,-10,MotorVehicles_Tractors,24894,-2.1616098097783367,-550.0
DHARAWAD,Dharwad,21178.0,-10,MotorVehicles_Tractors,20697,-2.2712248559826236,-481.0
GADAG,Gadag,31332.0,-10,MotorVehicles_Tractors,30066,-4.040597472232861,-1266.0
HAVERI,Haveri,18309.0,-10,MotorVehicles_Tractors,18115,-1.0595881806761702,-194.0
UTTARA KANNADA,Uttara Kannada,3825.0,-10,MotorVehicles_Tractors,3783,-1.0980392156862746,-42.0
BALLARI,Ballari,22938.5,-10,MotorVehicles_Tractors,22337,-2.622229003640168,-601.5
BIDAR,Bidar,261.0,-10,MotorVehicles_Tractors,256,-1.9157088122605364,-5.0
KALABURAGI,Kalaburagi,3114.0,-10,MotorVehicles_Tractors,3075,-1.2524084778420037,-39.0
YADGIRI,Yadgir,31435.0,-10,MotorVehicles_Tractors,31043,-1.247017655479561,-392.0
RAICHUR,Raichur,26958.0,-10,MotorVehicles_Tractors,26540,-1.5505601305734846,-418.0
KOPPAL,Koppal,29982.0,-10,MotorVehicles_Tractors,29661,-1.0706423854312588,-321.0
VIJAYANAGARA,Vijayanagara,22938.5,-10,MotorVehicles_Tractors,22337,-2.622229003640168,-601.5
BENGALURU,Bengaluru Urban,71.0,20,TotalNPK,80,12.676056338028168,9.0
BENGALURU(R),Bengaluru Rural,206.0,20,TotalNPK,218,5.825242718446602,12.0
RAMANAGARA,Ramanagara,4830.0,20,TotalNPK,4917,1.8012422360248446,87.0
CHITRADURGA,Chitradurga,68575.0,20,TotalNPK,70915,3.4123222748815163,2340.0
DAVANAGERE,Davanagere,16592.0,20,TotalNPK,17203,3.682497589199614,611.0
KOLAR,Kolar,5810.0,20,TotalNPK,6430,10.671256454388985,620.0
CHIKKABALLAPURA,Chikkaballapura,7132.0,20,TotalNPK,7603,6.604038137969715,471.0
SHIVAMOGGA,Shivamogga,248.0,20,TotalNPK,257,3.6290322580645165,9.0
TUMAKURU,Tumakuru,39626.0,20,TotalNPK,41011,3.4951799323676376,1385.0
CHIKKAMAGALURU,Chikkamagaluru,3909.0,20,TotalNPK,4351,11.307239703248912,442.0
DAKSHINA KANNADA,Dakshina Kannada,0.0,20,TotalNPK,0,,0.0
UDUPI,Udupi,3623.0,20,TotalNPK,3688,1.7940932928512283,65.0
HASSAN,Hassan,521.0,20,TotalNPK,543,4.222648752399232,22.0
KODAGU,Kodagu,45.0,20,TotalNPK,52,15.555555555555555,7.0
MANDYA,Mandya,1021.0,20,TotalNPK,1085,6.268364348677767,64.0
MYSURU,Mysuru,2170.0,20,TotalNPK,2263,4.285714285714286,93.0
CHAMARAJANAGAR,Chamarajanagara,8867.0,20,TotalNPK,9239,4.195331002593887,372.0
BELAGAVI,Belagavi,39530.0,20,TotalNPK,42347,7.126233240576778,2817.0
VIJAYAPURA,Vijayapura,27528.0,20,TotalNPK,28607,3.919645451903517,1079.0
BAGALKOT,Bagalkote,25444.0,20,TotalNPK,27418,7.758214117277158,1974.0
DHARAWAD,Dharwad,21178.0,20,TotalNPK,22460,6.05345169515535,1282.0
GADAG,Gadag,31332.0,20,TotalNPK,32409,3.437380314055917,1077.0
HAVERI,Haveri,18309.0,20,TotalNPK,19128,4.4732098967720795,819.0
UTTARA KANNADA,Uttara Kannada,3825.0,20,TotalNPK,3963,3.607843137254902,138.0
BALLARI,Ballari,22938.5,20,TotalNPK,24516,6.877084377792794,1577.5
BIDAR,Bidar,261.0,20,TotalNPK,280,7.2796934865900385,19.0
KALABURAGI,Kalaburagi,3114.0,20,TotalNPK,3242,4.110468850353243,128.0
YADGIRI,Yadgir,31435.0,20,TotalNPK,35126,11.741689199936376,3691.0
RAICHUR,Raichur,26958.0,20,TotalNPK,28911,7.244602715334965,1953.0
KOPPAL,Koppal,29982.0,20,TotalNPK,31457,4.919618437729304,1475.0
VIJAYANAGARA,Vijayanagara,22938.5,20,TotalNPK,24516,6.877084377792794,1577.5
BENGALURU,Bengaluru Urban,71.0,20,AreaUnderOilSeeds_GroundNut,75,5.633802816901409,4.0
BENGALURU(R),Bengaluru Rural,206.0,20,AreaUnderOilSeeds_GroundNut,215,4.368932038834951,9.0
RAMANAGARA,Ramanagara,4830.0,20,AreaUnderOilSeeds_GroundNut,5015,3.8302277432712217,185.0
CHITRADURGA,Chitradurga,68575.0,20,AreaUnderOilSeeds_GroundNut,73987,7.892088953700329,5412.0
DAVANAGERE,Davanagere,16592.0,20,AreaUnderOilSeeds_GroundNut,17447,5.153085824493732,855.0
KOLAR,Kolar,5810.0,20,AreaUnderOilSeeds_GroundNut,6291,8.27882960413081,481.0
CHIKKABALLAPURA,Chikkaballapura,7132.0,20,AreaUnderOilSeeds_GroundNut,8225,15.325294447560292,1093.0
SHIVAMOGGA,Shivamogga,248.0,20,AreaUnderOilSeeds_GroundNut,272,9.67741935483871,24.0
TUMAKURU,Tumakuru,39626.0,20,AreaUnderOilSeeds_GroundNut,43251,9.14803411901277,3625.0
CHIKKAMAGALURU,Chikkamagaluru,3909.0,20,AreaUnderOilSeeds_GroundNut,4236,8.365310821181888,327.0
DAKSHINA KANNADA,Dakshina Kannada,0.0,20,AreaUnderOilSeeds_GroundNut,0,,0.0
UDUPI,Udupi,3623.0,20,AreaUnderOilSeeds_GroundNut,3724,2.7877449627380626,101.0
HASSAN,Hassan,521.0,20,AreaUnderOilSeeds_GroundNut,569,9.213051823416507,48.0
KODAGU,Kodagu,45.0,20,AreaUnderOilSeeds_GroundNut,48,6.666666666666667,3.0
MANDYA,Mandya,1021.0,20,AreaUnderOilSeeds_GroundNut,1097,7.443682664054848,76.0
MYSURU,Mysuru,2170.0,20,AreaUnderOilSeeds_GroundNut,2303,6.129032258064516,133.0
CHAMARAJANAGAR,Chamarajanagara,8867.0,20,AreaUnderOilSeeds_GroundNut,9548,7.6801623999097774,681.0
BELAGAVI,Belagavi,39530.0,20,AreaUnderOilSeeds_GroundNut,41624,5.297242600556539,2094.0
VIJAYAPURA,Vijayapura,27528.0,20,AreaUnderOilSeeds_GroundNut,28914,5.03487358326068,1386.0
BAGALKOT,Bagalkote,25444.0,20,AreaUnderOilSeeds_GroundNut,26917,5.7891840905518,1473.0
DHARAWAD,Dharwad,21178.0,20,AreaUnderOilSeeds_GroundNut,23201,9.552365662479932,2023.0
GADAG,Gadag,31332.0,20,AreaUnderOilSeeds_GroundNut,33636,7.3535044044427424,2304.0
HAVERI,Haveri,18309.0,20,AreaUnderOilSeeds_GroundNut,19304,5.434485772024687,995.0
UTTARA KANNADA,Uttara Kannada,3825.0,20,AreaUnderOilSeeds_GroundNut,3934,2.849673202614379,109.0
BALLARI,Ballari,22938.5,20,AreaUnderOilSeeds_GroundNut,25723,12.138980316934411,2784.5
BIDAR,Bidar,261.0,20,AreaUnderOilSeeds_GroundNut,277,6.130268199233716,16.0
KALABURAGI,Kalaburagi,3114.0,20,AreaUnderOilSeeds_GroundNut,3327,6.840077071290944,213.0
YADGIRI,Yadgir,31435.0,20,AreaUnderOilSeeds_GroundNut,33608,6.912676952441546,2173.0
RAICHUR,Raichur,26958.0,20,AreaUnderOilSeeds_GroundNut,28970,7.463461681133615,2012.0
KOPPAL,Koppal,29982.0,20,AreaUnderOilSeeds_GroundNut,31228,4.155826829430992,1246.0
VIJAYANAGARA,Vijayanagara,22938.5,20,AreaUnderOilSeeds_GroundNut,25723,12.138980316934411,2784.5
BENGALURU,Bengaluru Urban,71.0,20,LivestockCensus_2012_Sheep,72,1.4084507042253522,1.0
BENGALURU(R),Bengaluru Rural,206.0,20,LivestockCensus_2012_Sheep,208,0.9708737864077669,2.0
RAMANAGARA,Ramanagara,4830.0,20,LivestockCensus_2012_Sheep,4889,1.2215320910973084,59.0
CHITRADURGA,Chitradurga,68575.0,20,LivestockCensus_2012_Sheep,70605,2.960262486328837,2030.0
DAVANAGERE,Davanagere,16592.0,20,LivestockCensus_2012_Sheep,16661,0.4158630665380907,69.0
KOLAR,Kolar,5810.0,20,LivestockCensus_2012_Sheep,6222,7.091222030981068,412.0
CHIKKABALLAPURA,Chikkaballapura,7132.0,20,LivestockCensus_2012_Sheep,7370,3.3370723499719577,238.0
SHIVAMOGGA,Shivamogga,248.0,20,LivestockCensus_2012_Sheep,248,0.0,0.0
TUMAKURU,Tumakuru,39626.0,20,LivestockCensus_2012_Sheep,40902,3.220108009892495,1276.0
CHIKKAMAGALURU,Chikkamagaluru,3909.0,20,LivestockCensus_2012_Sheep,3928,0.4860578152980302,19.0
DAKSHINA KANNADA,Dakshina Kannada,0.0,20,LivestockCensus_2012_Sheep,0,,0.0
UDUPI,Udupi,3623.0,20,LivestockCensus_2012_Sheep,3623,0.0,0.0
HASSAN,Hassan,521.0,20,LivestockCensus_2012_Sheep,522,0.19193857965451055,1.0
KODAGU,Kodagu,45.0,20,LivestockCensus_2012_Sheep,45,0.0,0.0
MANDYA,Mandya,1021.0,20,LivestockCensus_2012_Sheep,1033,1.1753183153770812,12.0
MYSURU,Mysuru,2170.0,20,LivestockCensus_2012_Sheep,2180,0.4608294930875576,10.0
CHAMARAJANAGAR,Chamarajanagara,8867.0,20,LivestockCensus_2012_Sheep,8933,0.7443329198150445,66.0
BELAGAVI,Belagavi,39530.0,20,LivestockCensus_2012_Sheep,39939,1.0346572223627626,409.0
VIJAYAPURA,Vijayapura,27528.0,20,LivestockCensus_2012_Sheep,27731,0.7374309793664632,203.0
BAGALKOT,Bagalkote,25444.0,20,LivestockCensus_2012_Sheep,26009,2.2205628045904735,565.0
DHARAWAD,Dharwad,21178.0,20,LivestockCensus_2012_Sheep,21262,0.39663802058740205,84.0
GADAG,Gadag,31332.0,20,LivestockCensus_2012_Sheep,31728,1.2638835695135964,396.0
HAVERI,Haveri,18309.0,20,LivestockCensus_2012_Sheep,18415,0.5789502430498662,106.0
UTTARA KANNADA,Uttara Kannada,3825.0,20,LivestockCensus_2012_Sheep,3826,0.026143790849673207,1.0
BALLARI,Ballari,22938.5,20,LivestockCensus_2012_Sheep,23579,2.7922488392876605,640.5
BIDAR,Bidar,261.0,20,LivestockCensus_2012_Sheep,263,0.7662835249042145,2.0
KALABURAGI,Kalaburagi,3114.0,20,LivestockCensus_2012_Sheep,3121,0.22479126525369297,7.0
YADGIRI,Yadgir,31435.0,20,LivestockCensus_2012_Sheep,32054,1.969142675361858,619.0
RAICHUR,Raichur,26958.0,20,LivestockCensus_2012_Sheep,27315,1.3242822167816604,357.0
KOPPAL,Koppal,29982.0,20,LivestockCensus_2012_Sheep,30345,1.2107264358615168,363.0
VIJAYANAGARA,Vijayanagara,22938.5,20,LivestockCensus_2012_Sheep,23579,2.7922488392876605,640.5
BENGALURU,Bengaluru Urban,71.0,20,MotorVehicles_Tractors,82,15.492957746478872,11.0
BENGALURU(R),Bengaluru Rural,206.0,20,MotorVehicles_Tractors,207,0.48543689320388345,1.0
RAMANAGARA,Ramanagara,4830.0,20,MotorVehicles_Tractors,5091,5.403726708074534,261.0
CHITRADURGA,Chitradurga,68575.0,20,MotorVehicles_Tractors,70949,3.4619030258840686,2374.0
DAVANAGERE,Davanagere,16592.0,20,MotorVehicles_Tractors,16980,2.33847637415622,388.0
KOLAR,Kolar,5810.0,20,MotorVehicles_Tractors,6733,15.886402753872634,923.0
CHIKKABALLAPURA,Chikkaballapura,7132.0,20,MotorVehicles_Tractors,7503,5.201906898485698,371.0
SHIVAMOGGA,Shivamogga,248.0,20,MotorVehicles_Tractors,254,2.4193548387096775,6.0
TUMAKURU,Tumakuru,39626.0,20,MotorVehicles_Tractors,41513,4.7620249331247155,1887.0
CHIKKAMAGALURU,Chikkamagaluru,3909.0,20,MotorVehicles_Tractors,4111,5.1675620363264265,202.0
DAKSHINA KANNADA,Dakshina Kannada,0.0,20,MotorVehicles_Tractors,0,,0.0
UDUPI,Udupi,3623.0,20,MotorVehicles_Tractors,3712,2.456527739442451,89.0
HASSAN,Hassan,521.0,20,MotorVehicles_Tractors,535,2.6871401151631478,14.0
KODAGU,Kodagu,45.0,20,MotorVehicles_Tractors,47,4.444444444444445,2.0
MANDYA,Mandya,1021.0,20,MotorVehicles_Tractors,1045,2.3506366307541624,24.0
MYSURU,Mysuru,2170.0,20,MotorVehicles_Tractors,2229,2.71889400921659,59.0
CHAMARAJANAGAR,Chamarajanagara,8867.0,20,MotorVehicles_Tractors,8979,1.2631104093831058,112.0
BELAGAVI,Belagavi,39530.0,20,MotorVehicles_Tractors,40953,3.5997976220591954,1423.0
VIJAYAPURA,Vijayapura,27528.0,20,MotorVehicles_Tractors,28495,3.512786980528916,967.0
BAGALKOT,Bagalkote,25444.0,20,MotorVehicles_Tractors,26543,4.319289419902531,1099.0
DHARAWAD,Dharwad,21178.0,20,MotorVehicles_Tractors,22138,4.533005949570309,960.0
GADAG,Gadag,31332.0,20,MotorVehicles_Tractors,33863,8.078003319290183,2531.0
HAVERI,Haveri,18309.0,20,MotorVehicles_Tractors,18696,2.113714566606587,387.0
UTTARA KANNADA,Uttara Kannada,3825.0,20,MotorVehicles_Tractors,3907,2.1437908496732025,82.0
BALLARI,Ballari,22938.5,20,MotorVehicles_Tractors,24140,5.237918782832356,1201.5
BIDAR,Bidar,261.0,20,MotorVehicles_Tractors,269,3.065134099616858,8.0
KALABURAGI,Kalaburagi,3114.0,20,MotorVehicles_Tractors,3190,2.440590879897238,76.0
YADGIRI,Yadgir,31435.0,20,MotorVehicles_Tractors,32218,2.4908541434706537,783.0
RAICHUR,Raichur,26958.0,20,MotorVehicles_Tractors,27793,3.097410787150382,835.0
KOPPAL,Koppal,29982.0,20,MotorVehicles_Tractors,30623,2.137949436328464,641.0
VIJAYANAGARA,Vijayanagara,22938.5,20,MotorVehicles_Tractors,24140,5.237918782832356,1201.5
BENGALURU,Bengaluru Urban,71.0,-20,TotalNPK,61,-14.084507042253522,-10.0
BENGALURU(R),Bengaluru Rural,206.0,-20,TotalNPK,193,-6.310679611650485,-13.0
RAMANAGARA,Ramanagara,4830.0,-20,TotalNPK,4742,-1.8219461697722568,-88.0
CHITRADURGA,Chitradurga,68575.0,-20,TotalNPK,66234,-3.4137805322639445,-2341.0
DAVANAGERE,Davanagere,16592.0,-20,TotalNPK,15980,-3.6885245901639343,-612.0
KOLAR,Kolar,5810.0,-20,TotalNPK,5189,-10.688468158347677,-621.0
CHIKKABALLAPURA,Chikkaballapura,7132.0,-20,TotalNPK,6660,-6.618059450364553,-472.0
SHIVAMOGGA,Shivamogga,248.0,-20,TotalNPK,238,-4.032258064516129,-10.0
TUMAKURU,Tumakuru,39626.0,-20,TotalNPK,38240,-3.4977035279866753,-1386.0
CHIKKAMAGALURU,Chikkamagaluru,3909.0,-20,TotalNPK,3466,-11.332821693527755,-443.0
DAKSHINA KANNADA,Dakshina Kannada,0.0,-20,TotalNPK,0,,0.0
UDUPI,Udupi,3623.0,-20,TotalNPK,3557,-1.8216947281258624,-66.0
HASSAN,Hassan,521.0,-20,TotalNPK,498,-4.414587332053743,-23.0
KODAGU,Kodagu,45.0,-20,TotalNPK,37,-17.77777777777778,-8.0
MANDYA,Mandya,1021.0,-20,TotalNPK,956,-6.366307541625857,-65.0
MYSURU,Mysuru,2170.0,-20,TotalNPK,2076,-4.331797235023042,-94.0
CHAMARAJANAGAR,Chamarajanagara,8867.0,-20,TotalNPK,8494,-4.206608774106237,-373.0
BELAGAVI,Belagavi,39530.0,-20,TotalNPK,36712,-7.128762964836833,-2818.0
VIJAYAPURA,Vijayapura,27528.0,-20,TotalNPK,26448,-3.9232781168265043,-1080.0
BAGALKOT,Bagalkote,25444.0,-20,TotalNPK,23469,-7.762144316931301,-1975.0
DHARAWAD,Dharwad,21178.0,-20,TotalNPK,19895,-6.058173576352819,-1283.0
GADAG,Gadag,31332.0,-20,TotalNPK,30254,-3.4405719392314564,-1078.0
HAVERI,Haveri,18309.0,-20,TotalNPK,17489,-4.478671691517833,-820.0
UTTARA KANNADA,Uttara Kannada,3825.0,-20,TotalNPK,3686,-3.633986928104575,-139.0
BALLARI,Ballari,22938.5,-20,TotalNPK,21360,-6.8814438607581145,-1578.5
BIDAR,Bidar,261.0,-20,TotalNPK,241,-7.662835249042145,-20.0
KALABURAGI,Kalaburagi,3114.0,-20,TotalNPK,2985,-4.142581888246628,-129.0
YADGIRI,Yadgir,31435.0,-20,TotalNPK,27743,-11.744870367424845,-3692.0
RAICHUR,Raichur,26958.0,-20,TotalNPK,25004,-7.248312189331553,-1954.0
KOPPAL,Koppal,29982.0,-20,TotalNPK,28506,-4.922953772263358,-1476.0
VIJAYANAGARA,Vijayanagara,22938.5,-20,TotalNPK,21360,-6.8814438607581145,-1578.5
BENGALURU,Bengaluru Urban,71.0,-20,AreaUnderOilSeeds_GroundNut,66,-7.042253521126761,-5.0
BENGALURU(R),Bengaluru Rural,206.0,-20,AreaUnderOilSeeds_GroundNut,196,-4.854368932038835,-10.0
RAMANAGARA,Ramanagara,4830.0,-20,AreaUnderOilSeeds_GroundNut,4644,-3.8509316770186333,-186.0
CHITRADURGA,Chitradurga,68575.0,-20,AreaUnderOilSeeds_GroundNut,63162,-7.8935472110827565,-5413.0
DAVANAGERE,Davanagere,16592.0,-20,AreaUnderOilSeeds_GroundNut,15736,-5.1591128254580525,-856.0
KOLAR,Kolar,5810.0,-20,AreaUnderOilSeeds_GroundNut,5328,-8.296041308089501,-482.0
CHIKKABALLAPURA,Chikkaballapura,7132.0,-20,AreaUnderOilSeeds_GroundNut,6038,-15.339315759955133,-1094.0
SHIVAMOGGA,Shivamogga,248.0,-20,AreaUnderOilSeeds_GroundNut,223,-10.080645161290322,-25.0
TUMAKURU,Tumakuru,39626.0,-20,AreaUnderOilSeeds_GroundNut,36000,-9.150557714631807,-3626.0
CHIKKAMAGALURU,Chikkamagaluru,3909.0,-20,AreaUnderOilSeeds_GroundNut,3581,-8.390892811460732,-328.0
DAKSHINA KANNADA,Dakshina Kannada,0.0,-20,AreaUnderOilSeeds_GroundNut,0,,0.0
UDUPI,Udupi,3623.0,-20,AreaUnderOilSeeds_GroundNut,3521,-2.8153463980126965,-102.0
HASSAN,Hassan,521.0,-20,AreaUnderOilSeeds_GroundNut,472,-9.404990403071018,-49.0
KODAGU,Kodagu,45.0,-20,AreaUnderOilSeeds_GroundNut,41,-8.88888888888889,-4.0
MANDYA,Mandya,1021.0,-20,AreaUnderOilSeeds_GroundNut,944,-7.541625857002939,-77.0
MYSURU,Mysuru,2170.0,-20,AreaUnderOilSeeds_GroundNut,2036,-6.175115207373272,-134.0
CHAMARAJANAGAR,Chamarajanagara,8867.0,-20,AreaUnderOilSeeds_GroundNut,8185,-7.691440171422127,-682.0
BELAGAVI,Belagavi,39530.0,-20,AreaUnderOilSeeds_GroundNut,37435,-5.299772324816595,-2095.0
VIJAYAPURA,Vijayapura,27528.0,-20,AreaUnderOilSeeds_GroundNut,26141,-5.038506248183667,-1387.0
BAGALKOT,Bagalkote,25444.0,-20,AreaUnderOilSeeds_GroundNut,23970,-5.793114290205943,-1474.0
DHARAWAD,Dharwad,21178.0,-20,AreaUnderOilSeeds_GroundNut,19154,-9.557087543677401,-2024.0
GADAG,Gadag,31332.0,-20,AreaUnderOilSeeds_GroundNut,29027,-7.3566960296182815,-2305.0
HAVERI,Haveri,18309.0,-20,AreaUnderOilSeeds_GroundNut,17313,-5.4399475667704404,-996.0
UTTARA KANNADA,Uttara Kannada,3825.0,-20,AreaUnderOilSeeds_GroundNut,3715,-2.8758169934640523,-110.0
BALLARI,Ballari,22938.5,-20,AreaUnderOilSeeds_GroundNut,20153,-12.143339799899731,-2785.5
BIDAR,Bidar,261.0,-20,AreaUnderOilSeeds_GroundNut,244,-6.513409961685824,-17.0
KALABURAGI,Kalaburagi,3114.0,-20,AreaUnderOilSeeds_GroundNut,2900,-6.872190109184329,-214.0
YADGIRI,Yadgir,31435.0,-20,AreaUnderOilSeeds_GroundNut,29261,-6.915858119930014,-2174.0
RAICHUR,Raichur,26958.0,-20,AreaUnderOilSeeds_GroundNut,24945,-7.467171155130202,-2013.0
KOPPAL,Koppal,29982.0,-20,AreaUnderOilSeeds_GroundNut,28735,-4.159162163965046,-1247.0
VIJAYANAGARA,Vijayanagara,22938.5,-20,AreaUnderOilSeeds_GroundNut,20153,-12.143339799899731,-2785.5
BENGALURU,Bengaluru Urban,71.0,-20,LivestockCensus_2012_Sheep,69,-2.8169014084507045,-2.0
BENGALURU(R),Bengaluru Rural,206.0,-20,LivestockCensus_2012_Sheep,203,-1.4563106796116505,-3.0
RAMANAGARA,Ramanagara,4830.0,-20,LivestockCensus_2012_Sheep,4770,-1.2422360248447204,-60.0
CHITRADURGA,Chitradurga,68575.0,-20,LivestockCensus_2012_Sheep,66544,-2.961720743711265,-2031.0
DAVANAGERE,Davanagere,16592.0,-20,LivestockCensus_2012_Sheep,16522,-0.4218900675024108,-70.0
KOLAR,Kolar,5810.0,-20,LivestockCensus_2012_Sheep,5397,-7.1084337349397595,-413.0
CHIKKABALLAPURA,Chikkaballapura,7132.0,-20,LivestockCensus_2012_Sheep,6893,-3.3510936623667975,-239.0
SHIVAMOGGA,Shivamogga,248.0,-20,LivestockCensus_2012_Sheep,247,-0.4032258064516129,-1.0
TUMAKURU,Tumakuru,39626.0,-20,LivestockCensus_2012_Sheep,38349,-3.2226316055115327,-1277.0
CHIKKAMAGALURU,Chikkamagaluru,3909.0,-20,LivestockCensus_2012_Sheep,3889,-0.5116398055768739,-20.0
DAKSHINA KANNADA,Dakshina Kannada,0.0,-20,LivestockCensus_2012_Sheep,0,,0.0
UDUPI,Udupi,3623.0,-20,LivestockCensus_2012_Sheep,3622,-0.02760143527463428,-1.0
HASSAN,Hassan,521.0,-20,LivestockCensus_2012_Sheep,519,-0.3838771593090211,-2.0
KODAGU,Kodagu,45.0,-20,LivestockCensus_2012_Sheep,44,-2.2222222222222223,-1.0
MANDYA,Mandya,1021.0,-20,LivestockCensus_2012_Sheep,1008,-1.2732615083251715,-13.0
MYSURU,Mysuru,2170.0,-20,LivestockCensus_2012_Sheep,2159,-0.5069124423963134,-11.0
CHAMARAJANAGAR,Chamarajanagara,8867.0,-20,LivestockCensus_2012_Sheep,8800,-0.7556106913273938,-67.0
BELAGAVI,Belagavi,39530.0,-20,LivestockCensus_2012_Sheep,39120,-1.037186946622818,-410.0
VIJAYAPURA,Vijayapura,27528.0,-20,LivestockCensus_2012_Sheep,27324,-0.7410636442894507,-204.0
BAGALKOT,Bagalkote,25444.0,-20,LivestockCensus_2012_Sheep,24878,-2.2244930042446156,-566.0
DHARAWAD,Dharwad,21178.0,-20,LivestockCensus_2012_Sheep,21093,-0.4013599017848711,-85.0
GADAG,Gadag,31332.0,-20,LivestockCensus_2012_Sheep,30935,-1.2670751946891359,-397.0
HAVERI,Haveri,18309.0,-20,LivestockCensus_2012_Sheep,18202,-0.5844120377956197,-107.0
UTTARA KANNADA,Uttara Kannada,3825.0,-20,LivestockCensus_2012_Sheep,3823,-0.052287581699346414,-2.0
BALLARI,Ballari,22938.5,-20,LivestockCensus_2012_Sheep,22297,-2.7966083222529807,-641.5
BIDAR,Bidar,261.0,-20,LivestockCensus_2012_Sheep,258,-1.1494252873563218,-3.0
KALABURAGI,Kalaburagi,3114.0,-20,LivestockCensus_2012_Sheep,3106,-0.2569043031470777,-8.0
YADGIRI,Yadgir,31435.0,-20,LivestockCensus_2012_Sheep,30815,-1.972323842850326,-620.0
RAICHUR,Raichur,26958.0,-20,LivestockCensus_2012_Sheep,26600,-1.3279916907782476,-358.0
KOPPAL,Koppal,29982.0,-20,LivestockCensus_2012_Sheep,29618,-1.2140617703955707,-364.0
VIJAYANAGARA,Vijayanagara,22938.5,-20,LivestockCensus_2012_Sheep,22297,-2.7966083222529807,-641.5
BENGALURU,Bengaluru Urban,71.0,-20,MotorVehicles_Tractors,59,-16.901408450704224,-12.0
BENGALURU(R),Bengaluru Rural,206.0,-20,MotorVehicles_Tractors,204,-0.9708737864077669,-2.0
RAMANAGARA,Ramanagara,4830.0,-20,MotorVehicles_Tractors,4568,-5.424430641821947,-262.0
CHITRADURGA,Chitradurga,68575.0,-20,MotorVehicles_Tractors,66200,-3.4633612832664964,-2375.0
DAVANAGERE,Davanagere,16592.0,-20,MotorVehicles_Tractors,16203,-2.34450337512054,-389.0
KOLAR,Kolar,5810.0,-20,MotorVehicles_Tractors,4886,-15.903614457831324,-924.0
CHIKKABALLAPURA,Chikkaballapura,7132.0,-20,MotorVehicles_Tractors,6760,-5.215928210880538,-372.0
SHIVAMOGGA,Shivamogga,248.0,-20,MotorVehicles_Tractors,241,-2.82258064516129,-7.0
TUMAKURU,Tumakuru,39626.0,-20,MotorVehicles_Tractors,37738,-4.764548528743754,-1888.0
CHIKKAMAGALURU,Chikkamagaluru,3909.0,-20,MotorVehicles_Tractors,3706,-5.193144026605269,-203.0
DAKSHINA KANNADA,Dakshina Kannada,0.0,-20,MotorVehicles_Tractors,0,,0.0
UDUPI,Udupi,3623.0,-20,MotorVehicles_Tractors,3533,-2.4841291747170855,-90.0
HASSAN,Hassan,521.0,-20,MotorVehicles_Tractors,506,-2.8790786948176583,-15.0
KODAGU,Kodagu,45.0,-20,MotorVehicles_Tractors,42,-6.666666666666667,-3.0
MANDYA,Mandya,1021.0,-20,MotorVehicles_Tractors,996,-2.4485798237022527,-25.0
MYSURU,Mysuru,2170.0,-20,MotorVehicles_Tractors,2110,-2.7649769585253456,-60.0
CHAMARAJANAGAR,Chamarajanagara,8867.0,-20,MotorVehicles_Tractors,8754,-1.2743881808954551,-113.0
BELAGAVI,Belagavi,39530.0,-20,MotorVehicles_Tractors,38106,-3.6023273463192513,-1424.0
VIJAYAPURA,Vijayapura,27528.0,-20,MotorVehicles_Tractors,26560,-3.5164196454519034,-968.0
BAGALKOT,Bagalkote,25444.0,-20,MotorVehicles_Tractors,24344,-4.323219619556673,-1100.0
DHARAWAD,Dharwad,21178.0,-20,MotorVehicles_Tractors,20217,-4.5377278307677775,-961.0
GADAG,Gadag,31332.0,-20,MotorVehicles_Tractors,28800,-8.081194944465722,-2532.0
HAVERI,Haveri,18309.0,-20,MotorVehicles_Tractors,17921,-2.1191763613523404,-388.0
UTTARA KANNADA,Uttara Kannada,3825.0,-20,MotorVehicles_Tractors,3742,-2.1699346405228757,-83.0
BALLARI,Ballari,22938.5,-20,MotorVehicles_Tractors,21736,-5.242278265797676,-1202.5
BIDAR,Bidar,261.0,-20,MotorVehicles_Tractors,252,-3.4482758620689653,-9.0
KALABURAGI,Kalaburagi,3114.0,-20,MotorVehicles_Tractors,3037,-2.472703917790623,-77.0
YADGIRI,Yadgir,31435.0,-20,MotorVehicles_Tractors,30651,-2.494035310959122,-784.0
RAICHUR,Raichur,26958.0,-20,MotorVehicles_Tractors,26122,-3.1011202611469693,-836.0
KOPPAL,Koppal,29982.0,-20,MotorVehicles_Tractors,29340,-2.1412847708625176,-642.0
VIJAYANAGARA,Vijayanagara,22938.5,-20,MotorVehicles_Tractors,21736,-5.242278265797676,-1202.5
